{
  "cacheBootResources": true,
  "config": [ ],
  "debugBuild": false,
  "entryAssembly": "GoFast.UI.Client",
  "icuDataMode": 0,
  "linkerEnabled": true,
  "resources": {
    "assembly": {
      "BlazorInputFile.dll": "sha256-C0KrMmLQQE68cd1+FNwIOW89nNGbOH48hRxQAoSBaaA=",
      "GoFast.UI.Client.dll": "sha256-AAwDB0\/e9HfDJLoqEjaKgXgrXe7QsLDHl82HRQV+g9Y=",
      "GoFast.UI.Shared.dll": "sha256-t6N6knJtcklgUkKqf7gF1K83X\/YZ3hl83q1f4ujEkNg=",
      "Microsoft.AspNetCore.Authorization.dll": "sha256-0Q273angi2\/Y12vJaIuMRPl0o2NOM6p2hU87m6iZ4eM=",
      "Microsoft.AspNetCore.Components.Authorization.dll": "sha256-1Crzb854Pwgb3fuoiVi3BiJtKrPmTncaRA0j2SeE7vE=",
      "Microsoft.AspNetCore.Components.dll": "sha256-NjGDpBLxg13F3cBKsYbwWEKvIRWJ4OJJs8RKhExM8vg=",
      "Microsoft.AspNetCore.Components.Web.dll": "sha256-kqqhrT2MIHpMpvDL0VX\/lNTz2ag+zrVacBkj5MZjE5s=",
      "Microsoft.AspNetCore.Components.WebAssembly.Authentication.dll": "sha256-TYr35DjOrV1JJ\/B0DQqCffsyAZlf99Arf1WM9UrSlSA=",
      "Microsoft.AspNetCore.Components.WebAssembly.dll": "sha256-PCoV29kq1\/fcOD+n8LC0gTr6oYFtY8ZYj3EPdxTcK14=",
      "Microsoft.AspNetCore.Metadata.dll": "sha256-HCjJBK7cIDflOdzo99xm41RggdxcDiQ4CJBU+ErfkGs=",
      "Microsoft.CSharp.dll": "sha256-3Tx67OFC357JUOENi2kemV6iWM6LD0ahMMHeJ8ah+cc=",
      "Microsoft.Extensions.Configuration.Abstractions.dll": "sha256-X\/f4fDl2cuIRXeWHhK\/f2UqQbFioD+RU4a4CEh0zrrQ=",
      "Microsoft.Extensions.Configuration.dll": "sha256-DBOKSPriP2JDxVbbWrLXyD3K4\/x3RBifNBWk\/q1I39M=",
      "Microsoft.Extensions.Configuration.Json.dll": "sha256-nTqLKuydttqLtE3VT3p6XhPmLxuaJDd0cL3Qzt8D4Ro=",
      "Microsoft.Extensions.DependencyInjection.Abstractions.dll": "sha256-fvx8LOF7nKn5ccxUn0PyTuaASAShA\/fE6dVcabIJ1Zo=",
      "Microsoft.Extensions.DependencyInjection.dll": "sha256-qi0kE7rp0kdsNqdL6DyPZEeimjUGvcLT4iWQX0YnRus=",
      "Microsoft.Extensions.Http.dll": "sha256-PgCEI0\/78E0MHV94EjZYi1uV+YFZ82AggSkStyT0Yl0=",
      "Microsoft.Extensions.Logging.Abstractions.dll": "sha256-pdpw2mpgG42SkdlD\/gDiapz4fnOnFCJZc5bitrL\/US0=",
      "Microsoft.Extensions.Logging.dll": "sha256-9ADq8ceLn0mI8UX3SIGa2p\/MsBQgrR92RcdfytcasaY=",
      "Microsoft.Extensions.Options.dll": "sha256-k9XISCK5fk9IUDDKqLl\/+QFebprK5dgTjSKpE\/Zpz8Q=",
      "Microsoft.Extensions.Primitives.dll": "sha256-eXvGx2jcjpTPEJoAHBsW\/VuMPbNyyU+AsuhPmkzSSRY=",
      "Microsoft.JSInterop.dll": "sha256-Fr6z1CYsgkfcQHZA6PIFVltRE5ppeqQ+2LyZuCVfP74=",
      "Microsoft.JSInterop.WebAssembly.dll": "sha256-Awf7wv9O8IMhKfPgck20vnr8m17qkGi5wsUfHhliPCQ=",
      "netstandard.dll": "sha256-GAK5KgmjMGh2ZPdFJ8BmS3yZD5MKW60Rqz8pLwVNT1Q=",
      "Newtonsoft.Json.dll": "sha256-IsZJ91\/OW+fHzNqIgEc7Y072ns8z9dGritiSyvR9Wgc=",
      "System.Collections.Concurrent.dll": "sha256-BPpPc0xPEpC\/F3nTDHC4EJMoDIrPeM7O7wpI26kVGIg=",
      "System.Collections.dll": "sha256-4vhd2E7\/GKHYe1F4jqYLmqEgzdpEkLl9pVLZsNYiGoQ=",
      "System.Collections.NonGeneric.dll": "sha256-jy\/KeLfP3c955An4wEVCgn8uV\/46CAMjlGut7HgG2cI=",
      "System.Collections.Specialized.dll": "sha256-lvjeFGdmhxrwxTaLgXazaN4JlW6+KqX42W94KsqrcLE=",
      "System.ComponentModel.Annotations.dll": "sha256-msJ15BF5Ry9IiHN2tg7SzLG0ZSjppauhoXNOfblQ2ws=",
      "System.ComponentModel.dll": "sha256-ntaIllfeYLiAleMJYGr8sKKCaJCqUzjJ2MFe\/1gPBjk=",
      "System.ComponentModel.Primitives.dll": "sha256-8BD8+PMSKvoPxBVnIN4k3ZtVcK3T30gHtv9LZE4MURs=",
      "System.ComponentModel.TypeConverter.dll": "sha256-JL7lVDg+RXs341mIFpd4PmumFAE3LzT12iKFUKUuYZA=",
      "System.Data.Common.dll": "sha256-CQMUoTlwede6Vw\/Bhj+W0HRywJrTTMlWe8zwnyyKeqs=",
      "System.Diagnostics.TraceSource.dll": "sha256-qVjXh4dA2750jmJBszOKGBimuoXNP7tU10wwUgdRPxY=",
      "System.dll": "sha256-hrY8bIW10ujyb7iQCAviuqj5+4GYhUHs3Bms4RI\/7Jo=",
      "System.Drawing.dll": "sha256-PXG9Tom6kgBgUSw3DVhKp2XvRAxU9vrZTzO79Sfz6Gs=",
      "System.Drawing.Primitives.dll": "sha256-2ETeV1C2nSKBSbv0n+8k5sU1ygjRe3XgdVTA33rozvc=",
      "System.Linq.dll": "sha256-JtC8gDzlZ6LCQl6vsxLRjzfi6Ro7u5Qq4JWrkP9mKQM=",
      "System.Linq.Expressions.dll": "sha256-8VRNnELfe+BhkxZFYmf3T9ghdVld6ylGVd3kaMwKaWg=",
      "System.Memory.dll": "sha256-JXImOhG2oDuiRYqFJcwoBXPI04+Wgv9+8NqWpM0\/Mxo=",
      "System.Net.Http.dll": "sha256-LfnNUMQsqRfnaJ5kgD2ucmeikM\/ccNc5Ch1p7BOXhbM=",
      "System.Net.Primitives.dll": "sha256-w\/jRFhpRhZkR8OHpSgWF02HVhJhl9QVgT\/x+4sD4Xyc=",
      "System.ObjectModel.dll": "sha256-i26HG79HMc21lHV6X04u1FWJErZKTf2FRLCQLGfto7Y=",
      "System.Private.CoreLib.dll": "sha256-\/uQ2v+bXxYF+ynLjE9J1JeLgG4RoCZiifGyiguHzTwY=",
      "System.Private.Uri.dll": "sha256-Pa0JCfff8k800DC+oEVGBNoFOCV3lxfSgBHmMuurIP8=",
      "System.Private.Xml.dll": "sha256-vg2fsUNoMUGVSNj0Hf1a7IA\/6YSHTSL8k0hM3HJhBwc=",
      "System.Private.Xml.Linq.dll": "sha256-5ltX5hf7OMua1teJfSfsu\/Hau4Ejdsue+Hs+EirYGoc=",
      "System.Reflection.Emit.ILGeneration.dll": "sha256-gozVQNHaelQRwpz7IY+zX4UYyG3lG0uHw8QJKMbpkdA=",
      "System.Reflection.Emit.Lightweight.dll": "sha256-revm+QMClQqAxaQDX70QIunXWZ4b3U1KmfcOkROAul0=",
      "System.Reflection.Primitives.dll": "sha256-\/rZ5Xcf4bGM2kAeUPi9m\/aKrbLn33yFXbVopMdmYJvA=",
      "System.Runtime.dll": "sha256-dTI8byeTL4YJ296GyNndQo3gPr0dnyPWYqO59JDVVYA=",
      "System.Runtime.InteropServices.dll": "sha256-T4PJdWaZEOKRk8ZS2yqqLkb\/QiUrTizIV+3p+BZTXUE=",
      "System.Runtime.InteropServices.JavaScript.dll": "sha256-xQbATUiyP+9FskXnIZjMPfWI2fliO8eL9DW2ykdx4AY=",
      "System.Runtime.Numerics.dll": "sha256-Ureh+LgYbY+RjCOTHDcKsvZsD\/z21IsS\/NPUzoEk2u8=",
      "System.Runtime.Serialization.Formatters.dll": "sha256-MoV46qhhgoZUe8hh8bdJ08ooyR6\/dRzpgukh4or6RkE=",
      "System.Runtime.Serialization.Primitives.dll": "sha256-EHDN4Wm3NG9XleHy70J\/UTHTHQAEK1Xf6+7v5ECyMUA=",
      "System.Security.Claims.dll": "sha256-9O\/WSbGObx1wGJ+Sw0eegwt3x+MTqBc6dY4gWXEnvfw=",
      "System.Security.Cryptography.dll": "sha256-afXX04onqN7Prcgn+1adg4p0uH1Ulqfh1DheHIpNwMM=",
      "System.Text.Encoding.Extensions.dll": "sha256-g603QqSWLvHrP2oKwOvnuSVgQ6wIOQRoVIEzwYrUMAc=",
      "System.Text.Encodings.Web.dll": "sha256-XtlYVeWX2Cmthln9DGs\/njEX2ESirU+jWiTWlpp2IKY=",
      "System.Text.Json.dll": "sha256-z07CvpTW7hU7befXrwFuak0nml1lB+tAFA3TCMlCcE4=",
      "System.Text.RegularExpressions.dll": "sha256-uT7Y\/zecJUJk9bY2N4mR72YCJnILl+K4025JXtmEiq8=",
      "System.Threading.dll": "sha256-dQs4mm9se8HqpU02WTyRNwJDPmR2CW1PWxm5aUFTuW4=",
      "System.Xml.Linq.dll": "sha256-A4CODzYb1u9XpUZmVzurgU7y8PBOj9tm7Ru5VFqAE8g=",
      "System.Xml.ReaderWriter.dll": "sha256-EgcCS1RFY20HzgANsBJtLJ8EBz4+gHvj0\/+q7sbMxdE=",
      "System.Xml.XDocument.dll": "sha256-3pI9P6qIIlLGS33fj1MHYWw1Bv34aJnaRy5f8AbJpFc="
    },
    "extensions": null,
    "lazyAssembly": null,
    "libraryInitializers": null,
    "pdb": null,
    "runtime": {
      "dotnet.7.0.5.uv32ctukos.js": "sha256-codB25EodaFEP43MDCfMBuKXU4LqurUKnQrpoMIFnPs=",
      "dotnet.timezones.blat": "sha256-rIVQOJ+gHn4DeRSq6Ac3CURS8YBJG3P4CtYPfIuZ\/kk=",
      "dotnet.wasm": "sha256-6u4NhRISPvoDQ8pKvno9KKJh2aKqzTavj4dpcdFCV\/o=",
      "icudt.dat": "sha256-tO5O5YzMTVSaKBboxAqezOQL9ewmupzV2JrB5Rkc8a4=",
      "icudt_CJK.dat": "sha256-SZLtQnRc0JkwqHab0VUVP7T3uBPSeYzxzDnpxPpUnHk=",
      "icudt_EFIGS.dat": "sha256-8fItetYY8kQ0ww6oxwTLiT3oXlBwHKumbeP2pRF4yTc=",
      "icudt_no_CJK.dat": "sha256-L7sV7NEYP37\/Qr2FPCePo5cJqRgTXRwGHuwF5Q+0Nfs="
    },
    "runtimeAssets": {
      "dotnet.wasm": {
        "behavior": "dotnetwasm",
        "hash": "sha256-6u4NhRISPvoDQ8pKvno9KKJh2aKqzTavj4dpcdFCV\/o="
      }
    },
    "satelliteResources": null
  }
}